Workbook

Sheet Lecture
A1: FCP(Fundamentals of Computer Programming) I -CSE2 Sem 1
A2: Faculty : Trupti Gondaliya
A3: Sr. No. | C3: Months | D3: October | K3: November | AA3: Total P | AB3: Total A | AC3: TOTAL LECTURE | AD3: % Attendance
C4: Faculty | D4: 6 | E4: 7 | F4: 9 | G4: 11 | H4: 11 | I4: 28 | J4: 30 | K4: 1 | L4: 4 | M4: 6 | N4: 7 | O4: 11 | P4: 13 | Q4: 14 | R4: 18 | S4: 20 | T4: 21 | U4: 22 | V4: 22
B5: Reg. No. | C5: Name of student
A6: 1 | B6: UG25CCS001 | C6: ABHISHEK RAJ | D6: P | E6: P | F6: P | G6: P | H6: P | I6: A | J6: A | K6: P | L6: P | M6: P | N6: P | O6: A | P6: A | Q6: A | R6: P | S6: P | T6: A | U6: P | V6: P | AA6: =COUNTIF(D6:Z6,"P") + COUNTIF(D6:Z6, "1") -> 13 | AB6: =COUNTIF(D6:Z6,"A") + COUNTIF(D6:Z6, "1") -> 6 | AC6: =SUM(AA6,AB6) -> 19 | AD6: =(AA6/AC6)*100 -> 68.421053
A7: 2 | B7: UG25CCS002 | C7: AKANKSHA KUMARI | D7: P | E7: P | F7: P | G7: P | H7: P | I7: P | J7: P | K7: P | L7: P | M7: P | N7: P | O7: P | P7: P | Q7: P | R7: P | S7: P | T7: P | U7: A | V7: A | AA7: =COUNTIF(D7:Z7,"P") + COUNTIF(D7:Z7, "1") -> 17 | AB7: =COUNTIF(D7:Z7,"A") + COUNTIF(D7:Z7, "1") -> 2 | AC7: =SUM(AA7,AB7) -> 19 | AD7: =(AA7/AC7)*100 -> 89.473684
A8: 3 | B8: UG25CCS003 | C8: AKASH AGRAWAL | D8: P | E8: P | F8: P | G8: P | H8: P | I8: P | J8: A | K8: P | L8: P | M8: P | N8: P | O8: P | P8: A | Q8: A | R8: P | S8: P | T8: A | U8: P | V8: P | AA8: =COUNTIF(D8:Z8,"P") + COUNTIF(D8:Z8, "1") -> 15 | AB8: =COUNTIF(D8:Z8,"A") + COUNTIF(D8:Z8, "1") -> 4 | AC8: =SUM(AA8,AB8) -> 19 | AD8: =(AA8/AC8)*100 -> 78.947368
A9: 4 | B9: UG25CCS004 | C9: AKULA HEMANTH | D9: P | E9: P | F9: P | G9: P | H9: P | I9: A | J9: A | K9: A | L9: P | M9: P | N9: P | O9: P | P9: P | Q9: P | R9: P | S9: P | T9: P | U9: P | V9: P | AA9: =COUNTIF(D9:Z9,"P") + COUNTIF(D9:Z9, "1") -> 16 | AB9: =COUNTIF(D9:Z9,"A") + COUNTIF(D9:Z9, "1") -> 3 | AC9: =SUM(AA9,AB9) -> 19 | AD9: =(AA9/AC9)*100 -> 84.210526
A10: 5 | B10: UG25CCS005 | C10: ALETI SRINU | D10: P | E10: P | F10: P | G10: P | H10: P | I10: A | J10: P | K10: P | L10: P | M10: P | N10: P | O10: P | P10: P | Q10: P | R10: A | S10: P | T10: P | U10: P | V10: P | AA10: =COUNTIF(D10:Z10,"P") + COUNTIF(D10:Z10, "1") -> 17 | AB10: =COUNTIF(D10:Z10,"A") + COUNTIF(D10:Z10, "1") -> 2 | AC10: =SUM(AA10,AB10) -> 19 | AD10: =(AA10/AC10)*100 -> 89.473684
A11: 6 | B11: UG25CCS006 | C11: ARYAN GUPTA | D11: P | E11: P | F11: P | G11: P | H11: P | I11: P | J11: P | K11: P | L11: P | M11: P | N11: P | O11: P | P11: P | Q11: P | R11: P | S11: P | T11: P | U11: P | V11: P | AA11: =COUNTIF(D11:Z11,"P") + COUNTIF(D11:Z11, "1") -> 19 | AB11: =COUNTIF(D11:Z11,"A") + COUNTIF(D11:Z11, "1") -> 0 | AC11: =SUM(AA11,AB11) -> 19 | AD11: =(AA11/AC11)*100 -> 100
A12: 7 | B12: UG25CCS007 | C12: ARYAN PANCHOLI | D12: P | E12: P | F12: P | G12: P | H12: P | I12: P | J12: A | K12: P | L12: P | M12: P | N12: P | O12: P | P12: P | Q12: A | R12: P | S12: P | T12: A | U12: P | V12: P | AA12: =COUNTIF(D12:Z12,"P") + COUNTIF(D12:Z12, "1") -> 16 | AB12: =COUNTIF(D12:Z12,"A") + COUNTIF(D12:Z12, "1") -> 3 | AC12: =SUM(AA12,AB12) -> 19 | AD12: =(AA12/AC12)*100 -> 84.210526
A13: 8 | B13: UG25CCS008 | C13: ATHARVA GANESH POTE | D13: P | E13: P | F13: P | G13: P | H13: P | I13: P | J13: P | K13: P | L13: P | M13: P | N13: P | O13: P | P13: P | Q13: P | R13: P | S13: P | T13: P | U13: A | V13: A | AA13: =COUNTIF(D13:Z13,"P") + COUNTIF(D13:Z13, "1") -> 17 | AB13: =COUNTIF(D13:Z13,"A") + COUNTIF(D13:Z13, "1") -> 2 | AC13: =SUM(AA13,AB13) -> 19 | AD13: =(AA13/AC13)*100 -> 89.473684
A14: 9 | B14: UG25CCS009 | C14: AVANI SHUKLA | D14: P | E14: P | F14: P | G14: P | H14: P | I14: A | J14: P | K14: P | L14: P | M14: P | N14: P | O14: P | P14: A | Q14: P | R14: A | S14: P | T14: A | U14: P | V14: P | AA14: =COUNTIF(D14:Z14,"P") + COUNTIF(D14:Z14, "1") -> 15 | AB14: =COUNTIF(D14:Z14,"A") + COUNTIF(D14:Z14, "1") -> 4 | AC14: =SUM(AA14,AB14) -> 19 | AD14: =(AA14/AC14)*100 -> 78.947368
A15: 10 | B15: UG25CCS010 | C15: BAVISKAR KRUSHNA DHANRAJ | D15: P | E15: P | F15: P | G15: P | H15: P | I15: A | J15: P | K15: A | L15: P | M15: P | N15: A | O15: P | P15: P | Q15: P | R15: P | S15: P | T15: P | U15: P | V15: P | AA15: =COUNTIF(D15:Z15,"P") + COUNTIF(D15:Z15, "1") -> 16 | AB15: =COUNTIF(D15:Z15,"A") + COUNTIF(D15:Z15, "1") -> 3 | AC15: =SUM(AA15,AB15) -> 19 | AD15: =(AA15/AC15)*100 -> 84.210526
A16: 11 | B16: UG25CCS011 | C16: BHAVISHYA KHATNAL | D16: P | E16: P | F16: P | G16: P | H16: P | I16: A | J16: P | K16: P | L16: P | M16: P | N16: P | O16: P | P16: A | Q16: P | R16: P | S16: P | T16: A | U16: P | V16: P | AA16: =COUNTIF(D16:Z16,"P") + COUNTIF(D16:Z16, "1") -> 16 | AB16: =COUNTIF(D16:Z16,"A") + COUNTIF(D16:Z16, "1") -> 3 | AC16: =SUM(AA16,AB16) -> 19 | AD16: =(AA16/AC16)*100 -> 84.210526
A17: 12 | B17: UG25CCS012 | C17: DEEKSHANSH | D17: P | E17: P | F17: P | G17: P | H17: P | I17: P | J17: A | K17: A | L17: P | M17: P | N17: P | O17: P | P17: P | Q17: P | R17: P | S17: P | T17: A | U17: P | V17: P | AA17: =COUNTIF(D17:Z17,"P") + COUNTIF(D17:Z17, "1") -> 16 | AB17: =COUNTIF(D17:Z17,"A") + COUNTIF(D17:Z17, "1") -> 3 | AC17: =SUM(AA17,AB17) -> 19 | AD17: =(AA17/AC17)*100 -> 84.210526
... A84: 102 | B84: UG25CSE102 | C84: SANJA ANSH RAJESHBHAI | D84: P | E84: P | F84: P | G84: P | H84: P | I84: P | J84: P | K84: P | L84: P | M84: P | N84: P | O84: P | P84: P | Q84: P | R84: P | S84: A | T84: P | U84: P | V84: P | AA84: =COUNTIF(D84:Z84,"P") + COUNTIF(D84:Z84, "1") -> 18 | AB84: =COUNTIF(D84:Z84,"A") + COUNTIF(D84:Z84, "1") -> 1 | AC84: =SUM(AA84,AB84) -> 19 | AD84: =(AA84/AC84)*100 -> 94.736842
A85: 103 | B85: UG25CSE103 | C85: SHAH PARTH JITENDRAKUMAR | D85: P | E85: P | F85: P | G85: P | H85: P | I85: P | J85: P | K85: P | L85: P | N85: P | O85: P | P85: P | Q85: P | R85: P | S85: P | T85: A | U85: A | V85: A | AA85: =COUNTIF(D85:Z85,"P") + COUNTIF(D85:Z85, "1") -> 15 | AB85: =COUNTIF(D85:Z85,"A") + COUNTIF(D85:Z85, "1") -> 3 | AC85: =SUM(AA85,AB85) -> 18 | AD85: =(AA85/AC85)*100 -> 83.333333
A86: 104 | B86: UG25CSE104 | C86: SHANY KUMAR | D86: P | E86: P | F86: P | G86: P | H86: P | I86: P | J86: P | K86: P | L86: P | M86: P | N86: P | O86: P | P86: P | Q86: A | R86: P | S86: P | T86: P | U86: P | V86: P | AA86: =COUNTIF(D86:Z86,"P") + COUNTIF(D86:Z86, "1") -> 18 | AB86: =COUNTIF(D86:Z86,"A") + COUNTIF(D86:Z86, "1") -> 1 | AC86: =SUM(AA86,AB86) -> 19 | AD86: =(AA86/AC86)*100 -> 94.736842
A87: 105 | B87: UG25CSE105 | C87: SHYAM SOMANI | D87: P | E87: P | F87: P | G87: P | H87: P | I87: A | J87: P | K87: P | L87: P | M87: P | N87: P | O87: P | P87: P | Q87: A | R87: P | S87: P | T87: P | U87: P | V87: P | AA87: =COUNTIF(D87:Z87,"P") + COUNTIF(D87:Z87, "1") -> 17 | AB87: =COUNTIF(D87:Z87,"A") + COUNTIF(D87:Z87, "1") -> 2 | AC87: =SUM(AA87,AB87) -> 19 | AD87: =(AA87/AC87)*100 -> 89.473684
A88: 106 | B88: UG25CSE106 | C88: SIDDHARTH ADITYA K | D88: P | E88: P | F88: P | G88: P | H88: P | I88: P | J88: P | K88: P | L88: P | M88: A | N88: A | O88: P | P88: P | Q88: P | R88: A | S88: P | T88: P | U88: P | V88: P | AA88: =COUNTIF(D88:Z88,"P") + COUNTIF(D88:Z88, "1") -> 16 | AB88: =COUNTIF(D88:Z88,"A") + COUNTIF(D88:Z88, "1") -> 3 | AC88: =SUM(AA88,AB88) -> 19 | AD88: =(AA88/AC88)*100 -> 84.210526
A89: 107 | B89: UG25CSE107 | C89: SIMMA JASWANTH | D89: P | E89: P | F89: P | G89: P | H89: P | I89: P | J89: P | K89: P | L89: P | M89: P | N89: P | O89: P | P89: P | Q89: P | R89: A | S89: P | T89: P | U89: P | V89: P | AA89: =COUNTIF(D89:Z89,"P") + COUNTIF(D89:Z89, "1") -> 18 | AB89: =COUNTIF(D89:Z89,"A") + COUNTIF(D89:Z89, "1") -> 1 | AC89: =SUM(AA89,AB89) -> 19 | AD89: =(AA89/AC89)*100 -> 94.736842
A90: 108 | B90: UG25CSE108 | C90: SRIPERAMBUDURU VENKAT NIKHILESWAR | D90: P | E90: P | F90: P | G90: P | H90: P | I90: P | J90: P | K90: P | L90: P | M90: P | N90: P | O90: P | P90: P | Q90: P | R90: A | S90: P | T90: P | U90: P | V90: P | AA90: =COUNTIF(D90:Z90,"P") + COUNTIF(D90:Z90, "1") -> 18 | AB90: =COUNTIF(D90:Z90,"A") + COUNTIF(D90:Z90, "1") -> 1 | AC90: =SUM(AA90,AB90) -> 19 | AD90: =(AA90/AC90)*100 -> 94.736842
A91: 109 | B91: UG25CSE109 | C91: SUGAT KISHOR BAGDE | D91: P | E91: P | F91: P | G91: P | H91: P | I91: P | J91: P | K91: P | L91: P | M91: P | N91: P | O91: P | P91: P | Q91: P | R91: A | S91: P | T91: P | U91: A | V91: A | AA91: =COUNTIF(D91:Z91,"P") + COUNTIF(D91:Z91, "1") -> 16 | AB91: =COUNTIF(D91:Z91,"A") + COUNTIF(D91:Z91, "1") -> 3 | AC91: =SUM(AA91,AB91) -> 19 | AD91: =(AA91/AC91)*100 -> 84.210526
A92: 110 | B92: UG25CSE110 | C92: SURAJ BAIGA | D92: P | E92: P | F92: P | G92: P | H92: P | I92: A | J92: A | K92: A | L92: P | M92: P | N92: P | O92: P | P92: P | Q92: P | R92: P | S92: P | T92: P | U92: P | V92: P | AA92: =COUNTIF(D92:Z92,"P") + COUNTIF(D92:Z92, "1") -> 16 | AB92: =COUNTIF(D92:Z92,"A") + COUNTIF(D92:Z92, "1") -> 3 | AC92: =SUM(AA92,AB92) -> 19 | AD92: =(AA92/AC92)*100 -> 84.210526
A93: 111 | B93: UG25CSE111 | C93: TALAVIYA JAYMEENKUMAR KANTUBHAI | D93: P | E93: P | F93: P | G93: P | H93: P | I93: P | J93: P | K93: P | L93: P | M93: P | N93: P | O93: P | P93: P | Q93: P | R93: P | S93: P | T93: A | U93: A | V93: A | AA93: =COUNTIF(D93:Z93,"P") + COUNTIF(D93:Z93, "1") -> 16 | AB93: =COUNTIF(D93:Z93,"A") + COUNTIF(D93:Z93, "1") -> 3 | AC93: =SUM(AA93,AB93) -> 19 | AD93: =(AA93/AC93)*100 -> 84.210526
A94: 112 | B94: UG25CSE112 | C94: THUNAGAR ANJI | D94: P | E94: P | F94: P | G94: P | H94: P | I94: A | J94: P | K94: P | L94: P | M94: P | N94: P | O94: P | P94: P | Q94: A | R94: P | S94: P | T94: P | U94: P | V94: P | AA94: =COUNTIF(D94:Z94,"P") + COUNTIF(D94:Z94, "1") -> 17 | AB94: =COUNTIF(D94:Z94,"A") + COUNTIF(D94:Z94, "1") -> 2 | AC94: =SUM(AA94,AB94) -> 19 | AD94: =(AA94/AC94)*100 -> 89.473684
A95: 113 | B95: UG25CSE113 | C95: TUDIYA ARJUN KALPESHBHAI | D95: P | E95: P | F95: P | G95: P | H95: P | I95: P | J95: P | K95: P | L95: P | M95: P | N95: P | O95: P | P95: P | Q95: P | R95: P | S95: P | T95: P | U95: P | V95: P | AA95: =COUNTIF(D95:Z95,"P") + COUNTIF(D95:Z95, "1") -> 19 | AB95: =COUNTIF(D95:Z95,"A") + COUNTIF(D95:Z95, "1") -> 0 | AC95: =SUM(AA95,AB95) -> 19 | AD95: =(AA95/AC95)*100 -> 100
A96: 114 | B96: UG25CSE114 | C96: VAIBHAV RAJ | D96: P | E96: P | F96: P | G96: P | H96: P | I96: P | J96: A | K96: P | L96: P | M96: P | N96: P | O96: A | P96: A | Q96: P | R96: P | S96: P | T96: P | U96: P | V96: P | AA96: =COUNTIF(D96:Z96,"P") + COUNTIF(D96:Z96, "1") -> 16 | AB96: =COUNTIF(D96:Z96,"A") + COUNTIF(D96:Z96, "1") -> 3 | AC96: =SUM(AA96,AB96) -> 19 | AD96: =(AA96/AC96)*100 -> 84.210526
A97: 115 | B97: UG25CSE115 | C97: VALU SAGAR KANTI | D97: P | E97: P | F97: P | G97: P | H97: P | I97: P | J97: P | K97: P | L97: P | M97: P | N97: P | O97: P | P97: P | Q97: P | R97: P | S97: P | T97: P | U97: P | V97: P | AA97: =COUNTIF(D97:Z97,"P") + COUNTIF(D97:Z97, "1") -> 19 | AB97: =COUNTIF(D97:Z97,"A") + COUNTIF(D97:Z97, "1") -> 0 | AC97: =SUM(AA97,AB97) -> 19 | AD97: =(AA97/AC97)*100 -> 100
... A99: 117 | B99: UG25CSE117 | C99: ZALA PRINCE RAJESHBHAI | D99: P | E99: P | F99: P | G99: P | H99: P | I99: P | J99: P | K99: P | L99: P | M99: P | N99: P | O99: P | P99: P | Q99: P | R99: P | S99: P | T99: P | U99: P | V99: P | AA99: =COUNTIF(D99:Z99,"P") + COUNTIF(D99:Z99, "1") -> 19 | AB99: =COUNTIF(D99:Z99,"A") + COUNTIF(D99:Z99, "1") -> 0 | AC99: =SUM(AA99,AB99) -> 19 | AD99: =(AA99/AC99)*100 -> 100

Sheet G1
A1: FCP(Fundamentals of Computer Programming) I -CSE2 Sem 1
A2: Faculty : Trupti Gondaliya
A3: Sr. No. | C3: Months | D3: October | N3: November | Z3: Total P | AA3: Total A | AB3: TOTAL LECTURE | AD3: % Attendance
C4: Faculty
B5: Reg. No. | C5: Name of student | H5: 7 | L5: 28 | M5: 1 | N5: 4 | O5: 11
A6: 1 | B6: UG25CCS001 | C6: ABHISHEK RAJ | H6: P | L6: A | M6: P | N6: P | O6: A | Z6: =COUNTIF(D6:Y6,"P") + COUNTIF(D6:Y6, "1") -> 3 | AA6: =COUNTIF(D6:Y6,"A") + COUNTIF(D6:Y6, "1") -> 2 | AB6: =SUM(Z6,AA6) -> 5 | AD6: =(Z6/AB6)*100 -> 60
A7: 2 | B7: UG25CCS002 | C7: AKANKSHA KUMARI | H7: P | L7: P | M7: P | N7: P | O7: P | Z7: =COUNTIF(D7:Y7,"P") + COUNTIF(D7:Y7, "1") -> 5 | AA7: =COUNTIF(D7:Y7,"A") + COUNTIF(D7:Y7, "1") -> 0 | AB7: =SUM(Z7,AA7) -> 5 | AD7: =(Z7/AB7)*100 -> 100
A8: 3 | B8: UG25CCS003 | C8: AKASH AGRAWAL | H8: P | L8: A | M8: P | N8: P | O8: A | Z8: =COUNTIF(D8:Y8,"P") + COUNTIF(D8:Y8, "1") -> 3 | AA8: =COUNTIF(D8:Y8,"A") + COUNTIF(D8:Y8, "1") -> 2 | AB8: =SUM(Z8,AA8) -> 5 | AD8: =(Z8/AB8)*100 -> 60
A9: 4 | B9: UG25CCS004 | C9: AKULA HEMANTH | H9: P | L9: A | M9: A | N9: P | O9: P | Z9: =COUNTIF(D9:Y9,"P") + COUNTIF(D9:Y9, "1") -> 3 | AA9: =COUNTIF(D9:Y9,"A") + COUNTIF(D9:Y9, "1") -> 2 | AB9: =SUM(Z9,AA9) -> 5 | AD9: =(Z9/AB9)*100 -> 60
A10: 5 | B10: UG25CCS005 | C10: ALETI SRINU | H10: P | L10: A | M10: P | N10: P | O10: P | Z10: =COUNTIF(D10:Y10,"P") + COUNTIF(D10:Y10, "1") -> 4 | AA10: =COUNTIF(D10:Y10,"A") + COUNTIF(D10:Y10, "1") -> 1 | AB10: =SUM(Z10,AA10) -> 5 | AD10: =(Z10/AB10)*100 -> 80
A11: 6 | B11: UG25CCS006 | C11: ARYAN GUPTA | H11: P | L11: P | M11: P | N11: P | O11: P | Z11: =COUNTIF(D11:Y11,"P") + COUNTIF(D11:Y11, "1") -> 5 | AA11: =COUNTIF(D11:Y11,"A") + COUNTIF(D11:Y11, "1") -> 0 | AB11: =SUM(Z11,AA11) -> 5 | AD11: =(Z11/AB11)*100 -> 100
A12: 7 | B12: UG25CCS007 | C12: ARYAN PANCHOLI | H12: P | L12: P | M12: P | N12: P | O12: P | Z12: =COUNTIF(D12:Y12,"P") + COUNTIF(D12:Y12, "1") -> 5 | AA12: =COUNTIF(D12:Y12,"A") + COUNTIF(D12:Y12, "1") -> 0 | AB12: =SUM(Z12,AA12) -> 5 | AD12: =(Z12/AB12)*100 -> 100
A13: 8 | B13: UG25CCS008 | C13: ATHARVA GANESH POTE | H13: P | L13: P | M13: P | N13: P | O13: P | Z13: =COUNTIF(D13:Y13,"P") + COUNTIF(D13:Y13, "1") -> 5 | AA13: =COUNTIF(D13:Y13,"A") + COUNTIF(D13:Y13, "1") -> 0 | AB13: =SUM(Z13,AA13) -> 5 | AD13: =(Z13/AB13)*100 -> 100
A14: 9 | B14: UG25CCS009 | C14: AVANI SHUKLA | H14: P | L14: P | M14: P | N14: P | O14: P | Z14: =COUNTIF(D14:Y14,"P") + COUNTIF(D14:Y14, "1") -> 5 | AA14: =COUNTIF(D14:Y14,"A") + COUNTIF(D14:Y14, "1") -> 0 | AB14: =SUM(Z14,AA14) -> 5 | AD14: =(Z14/AB14)*100 -> 100
A15: 10 | B15: UG25CCS010 | C15: BAVISKAR KRUSHNA DHANRAJ | H15: P | L15: A | M15: A | N15: P | O15: P | Z15: =COUNTIF(D15:Y15,"P") + COUNTIF(D15:Y15, "1") -> 3 | AA15: =COUNTIF(D15:Y15,"A") + COUNTIF(D15:Y15, "1") -> 2 | AB15: =SUM(Z15,AA15) -> 5 | AD15: =(Z15/AB15)*100 -> 60
A16: 11 | B16: UG25CCS011 | C16: BHAVISHYA KHATNAL | H16: P | L16: A | M16: P | N16: P | O16: P | Z16: =COUNTIF(D16:Y16,"P") + COUNTIF(D16:Y16, "1") -> 4 | AA16: =COUNTIF(D16:Y16,"A") + COUNTIF(D16:Y16, "1") -> 1 | AB16: =SUM(Z16,AA16) -> 5 | AD16: =(Z16/AB16)*100 -> 80
A17: 12 | B17: UG25CCS012 | C17: DEEKSHANSH | H17: P | L17: P | M17: A | N17: P | O17: P | Z17: =COUNTIF(D17:Y17,"P") + COUNTIF(D17:Y17, "1") -> 4 | AA17: =COUNTIF(D17:Y17,"A") + COUNTIF(D17:Y17, "1") -> 1 | AB17: =SUM(Z17,AA17) -> 5 | AD17: =(Z17/AB17)*100 -> 80
... A37: 32 | B37: UG25CCS032 | C37: SHIKARWAR SHUBHAM SURESHBHAI | H37: P | L37: A | M37: P | N37: P | O37: P | Z37: =COUNTIF(D37:Y37,"P") + COUNTIF(D37:Y37, "1") -> 4 | AA37: =COUNTIF(D37:Y37,"A") + COUNTIF(D37:Y37, "1") -> 1 | AB37: =SUM(Z37,AA37) -> 5 | AD37: =(Z37/AB37)*100 -> 80
A38: 33 | B38: UG25CCS033 | C38: SHIKHAR RAJ | H38: P | L38: A | M38: P | N38: P | Z38: =COUNTIF(D38:Y38,"P") + COUNTIF(D38:Y38, "1") -> 3 | AA38: =COUNTIF(D38:Y38,"A") + COUNTIF(D38:Y38, "1") -> 1 | AB38: =SUM(Z38,AA38) -> 4 | AD38: =(Z38/AB38)*100 -> 75
A39: 34 | B39: UG25CCS034 | C39: SHRAVANI SOMNATH GHOLAP | H39: P | L39: P | M39: P | N39: A | O39: P | Z39: =COUNTIF(D39:Y39,"P") + COUNTIF(D39:Y39, "1") -> 4 | AA39: =COUNTIF(D39:Y39,"A") + COUNTIF(D39:Y39, "1") -> 1 | AB39: =SUM(Z39,AA39) -> 5 | AD39: =(Z39/AB39)*100 -> 80
A40: 35 | B40: UG25CCS035 | C40: VISHAL | H40: P | L40: P | M40: P | N40: P | O40: P | Z40: =COUNTIF(D40:Y40,"P") + COUNTIF(D40:Y40, "1") -> 5 | AA40: =COUNTIF(D40:Y40,"A") + COUNTIF(D40:Y40, "1") -> 0 | AB40: =SUM(Z40,AA40) -> 5 | AD40: =(Z40/AB40)*100 -> 100
A41: 36 | B41: UG25CCS036 | C41: VYSHNAVI K P | H41: P | L41: A | M41: P | N41: A | O41: P | Z41: =COUNTIF(D41:Y41,"P") + COUNTIF(D41:Y41, "1") -> 3 | AA41: =COUNTIF(D41:Y41,"A") + COUNTIF(D41:Y41, "1") -> 2 | AB41: =SUM(Z41,AA41) -> 5 | AD41: =(Z41/AB41)*100 -> 60
A42: 37 | B42: UG25CAI001 | C42: AAL SAGAR KANABHAI | H42: P | L42: A | M42: A | N42: P | O42: P | Z42: =COUNTIF(D42:Y42,"P") + COUNTIF(D42:Y42, "1") -> 3 | AA42: =COUNTIF(D42:Y42,"A") + COUNTIF(D42:Y42, "1") -> 2 | AB42: =SUM(Z42,AA42) -> 5 | AD42: =(Z42/AB42)*100 -> 60
A43: 38 | B43: UG25CAI002 | C43: ABHISHEK KIRAR | H43: P | L43: P | M43: P | N43: A | O43: P | Z43: =COUNTIF(D43:Y43,"P") + COUNTIF(D43:Y43, "1") -> 4 | AA43: =COUNTIF(D43:Y43,"A") + COUNTIF(D43:Y43, "1") -> 1 | AB43: =SUM(Z43,AA43) -> 5 | AD43: =(Z43/AB43)*100 -> 80
A44: 39 | B44: UG25CAI003 | C44: ADITYA ANGADI | H44: P | L44: P | M44: P | N44: P | O44: P | Z44: =COUNTIF(D44:Y44,"P") + COUNTIF(D44:Y44, "1") -> 5 | AA44: =COUNTIF(D44:Y44,"A") + COUNTIF(D44:Y44, "1") -> 0 | AB44: =SUM(Z44,AA44) -> 5 | AD44: =(Z44/AB44)*100 -> 100
A45: 40 | B45: UG25CAI004 | C45: AKSHIT VERMA | H45: P | L45: P | M45: A | N45: P | O45: P | Z45: =COUNTIF(D45:Y45,"P") + COUNTIF(D45:Y45, "1") -> 4 | AA45: =COUNTIF(D45:Y45,"A") + COUNTIF(D45:Y45, "1") -> 1 | AB45: =SUM(Z45,AA45) -> 5 | AD45: =(Z45/AB45)*100 -> 80
A46: 41 | B46: UG25CAI005 | C46: ANGHAN PRATIK SURESHBHAI | H46: P | L46: P | M46: P | N46: P | O46: P | Z46: =COUNTIF(D46:Y46,"P") + COUNTIF(D46:Y46, "1") -> 5 | AA46: =COUNTIF(D46:Y46,"A") + COUNTIF(D46:Y46, "1") -> 0 | AB46: =SUM(Z46,AA46) -> 5 | AD46: =(Z46/AB46)*100 -> 100
A47: 42 | B47: UG25CAI006 | C47: BHAGYASHREE PRAMOD BIRKULE | H47: P | L47: P | M47: P | N47: A | O47: P | Z47: =COUNTIF(D47:Y47,"P") + COUNTIF(D47:Y47, "1") -> 4 | AA47: =COUNTIF(D47:Y47,"A") + COUNTIF(D47:Y47, "1") -> 1 | AB47: =SUM(Z47,AA47) -> 5 | AD47: =(Z47/AB47)*100 -> 80
A48: 43 | B48: UG25CAI007 | C48: CHAUHAN SHIVAM KANCHAN SINGH | H48: P | L48: P | M48: P | N48: P | O48: P | Z48: =COUNTIF(D48:Y48,"P") + COUNTIF(D48:Y48, "1") -> 5 | AA48: =COUNTIF(D48:Y48,"A") + COUNTIF(D48:Y48, "1") -> 0 | AB48: =SUM(Z48,AA48) -> 5 | AD48: =(Z48/AB48)*100 -> 100
A49: 44 | B49: UG25CAI008 | C49: CHETAN GEHLOT | H49: P | L49: P | M49: P | N49: P | O49: P | Z49: =COUNTIF(D49:Y49,"P") + COUNTIF(D49:Y49, "1") -> 5 | AA49: =COUNTIF(D49:Y49,"A") + COUNTIF(D49:Y49, "1") -> 0 | AB49: =SUM(Z49,AA49) -> 5 | AD49: =(Z49/AB49)*100 -> 100
A50: 45 | B50: UG25CAI009 | C50: GADDAM SAI MANI DEEP | H50: P | L50: P | M50: P | N50: P | O50: P | Z50: =COUNTIF(D50:Y50,"P") + COUNTIF(D50:Y50, "1") -> 5 | AA50: =COUNTIF(D50:Y50,"A") + COUNTIF(D50:Y50, "1") -> 0 | AB50: =SUM(Z50,AA50) -> 5 | AD50: =(Z50/AB50)*100 -> 100
... A52: 47 | B52: UG25CAI011 | C52: GOHIL HIRENKUMAR VIPULBHAI | H52: P | L52: P | M52: P | N52: P | O52: A | Z52: =COUNTIF(D52:Y52,"P") + COUNTIF(D52:Y52, "1") -> 4 | AA52: =COUNTIF(D52:Y52,"A") + COUNTIF(D52:Y52, "1") -> 1 | AB52: =SUM(Z52,AA52) -> 5 | AD52: =(Z52/AB52)*100 -> 80

Sheet G2
A1: FCP(Fundamentals of Computer Programming) I -CSE2 Sem 1
A2: Faculty : Trupti Gondaliya
A3: Sr. No. | C3: Months | D3: October | N3: November | Z3: Total P | AA3: Total A | AB3: TOTAL LECTURE | AC3: % Attendance
C4: Faculty
B5: Reg. No. | C5: Name of student | D5: 8 | H5: 30 | N5: 1 | O5: 8 | P5: 12
A6: 1 | B6: UG25CAI012 | C6: HARSHIT BHADU | D6: A | H6: P | N6: P | O6: P | P6: P | Z6: =COUNTIF(D6:Y6,"P") + COUNTIF(D6:Y6, "1") -> 4 | AA6: =COUNTIF(D6:Y6,"A") + COUNTIF(D6:Y6, "1") -> 1 | AB6: =SUM(Z6,AA6) -> 5 | AC6: =(Z6/AB6)*100 -> 80
A7: 2 | B7: UG25CAI013G2 | C7: ISHITA BRAWAD | D7: A | H7: P | N7: P | O7: P | P7: P | Z7: =COUNTIF(D7:Y7,"P") + COUNTIF(D7:Y7, "1") -> 4 | AA7: =COUNTIF(D7:Y7,"A") + COUNTIF(D7:Y7, "1") -> 1 | AB7: =SUM(Z7,AA7) -> 5 | AC7: =(Z7/AB7)*100 -> 80
A8: 3 | B8: UG25CAI014 | C8: JITENDRA LILAWAT | D8: P | H8: P | N8: P | O8: P | P8: P | Z8: =COUNTIF(D8:Y8,"P") + COUNTIF(D8:Y8, "1") -> 5 | AA8: =COUNTIF(D8:Y8,"A") + COUNTIF(D8:Y8, "1") -> 0 | AB8: =SUM(Z8,AA8) -> 5 | AC8: =(Z8/AB8)*100 -> 100
A9: 4 | B9: UG25CAI015 | C9: MALLICK MOULEEYA | D9: P | H9: P | N9: P | O9: A | P9: P | Z9: =COUNTIF(D9:Y9,"P") + COUNTIF(D9:Y9, "1") -> 4 | AA9: =COUNTIF(D9:Y9,"A") + COUNTIF(D9:Y9, "1") -> 1 | AB9: =SUM(Z9,AA9) -> 5 | AC9: =(Z9/AB9)*100 -> 80
A10: 5 | B10: UG25CAI016 | C10: MANUKONDA WINNIE ADONIA | D10: P | H10: P | N10: P | O10: P | P10: P | Z10: =COUNTIF(D10:Y10,"P") + COUNTIF(D10:Y10, "1") -> 5 | AA10: =COUNTIF(D10:Y10,"A") + COUNTIF(D10:Y10, "1") -> 0 | AB10: =SUM(Z10,AA10) -> 5 | AC10: =(Z10/AB10)*100 -> 100
A11: 6 | B11: UG25CAI017 | C11: MANVI | D11: P | H11: P | N11: P | O11: A | P11: P | Z11: =COUNTIF(D11:Y11,"P") + COUNTIF(D11:Y11, "1") -> 4 | AA11: =COUNTIF(D11:Y11,"A") + COUNTIF(D11:Y11, "1") -> 1 | AB11: =SUM(Z11,AA11) -> 5 | AC11: =(Z11/AB11)*100 -> 80
A12: 7 | B12: UG25CAI018 | C12: MEESALA PAVAN GOVINDRAO | D12: A | H12: P | N12: P | O12: P | P12: P | Z12: =COUNTIF(D12:Y12,"P") + COUNTIF(D12:Y12, "1") -> 4 | AA12: =COUNTIF(D12:Y12,"A") + COUNTIF(D12:Y12, "1") -> 1 | AB12: =SUM(Z12,AA12) -> 5 | AC12: =(Z12/AB12)*100 -> 80
A13: 8 | B13: UG25CAI019 | C13: MUDIT | D13: P | H13: P | N13: P | O13: P | P13: A | Z13: =COUNTIF(D13:Y13,"P") + COUNTIF(D13:Y13, "1") -> 4 | AA13: =COUNTIF(D13:Y13,"A") + COUNTIF(D13:Y13, "1") -> 1 | AB13: =SUM(Z13,AA13) -> 5 | AC13: =(Z13/AB13)*100 -> 80
A14: 9 | B14: UG25CAI020 | C14: N SHRAVAN KUMAR | D14: P | H14: P | N14: P | O14: P | P14: P | Z14: =COUNTIF(D14:Y14,"P") + COUNTIF(D14:Y14, "1") -> 5 | AA14: =COUNTIF(D14:Y14,"A") + COUNTIF(D14:Y14, "1") -> 0 | AB14: =SUM(Z14,AA14) -> 5 | AC14: =(Z14/AB14)*100 -> 100
A15: 10 | B15: UG25CAI021 | C15: NETA SNEH DHANSUKHBHAI | D15: P | H15: P | N15: P | O15: P | P15: A | Z15: =COUNTIF(D15:Y15,"P") + COUNTIF(D15:Y15, "1") -> 4 | AA15: =COUNTIF(D15:Y15,"A") + COUNTIF(D15:Y15, "1") -> 1 | AB15: =SUM(Z15,AA15) -> 5 | AC15: =(Z15/AB15)*100 -> 80
A16: 11 | B16: UG25CAI022 | C16: OM LAKSHMAN SHIDLANNAVAR | D16: P | H16: P | N16: P | O16: P | P16: P | Z16: =COUNTIF(D16:Y16,"P") + COUNTIF(D16:Y16, "1") -> 5 | AA16: =COUNTIF(D16:Y16,"A") + COUNTIF(D16:Y16, "1") -> 0 | AB16: =SUM(Z16,AA16) -> 5 | AC16: =(Z16/AB16)*100 -> 100
A17: 12 | B17: UG25CAI023 | C17: PARTH RAJ | D17: P | H17: P | N17: P | O17: A | P17: P | Z17: =COUNTIF(D17:Y17,"P") + COUNTIF(D17:Y17, "1") -> 4 | AA17: =COUNTIF(D17:Y17,"A") + COUNTIF(D17:Y17, "1") -> 1 | AB17: =SUM(Z17,AA17) -> 5 | AC17: =(Z17/AB17)*100 -> 80
... A52: 47 | B52: UG25CSE117 | C52: ZALA PRINCE RAJESHBHAI | D52: P | H52: P | N52: A | O52: P | P52: P | Z52: =COUNTIF(D52:Y52,"P") + COUNTIF(D52:Y52, "1") -> 4 | AA52: =COUNTIF(D52:Y52,"A") + COUNTIF(D52:Y52, "1") -> 1 | AB52: =SUM(Z52,AA52) -> 5 | AC52: =(Z52/AB52)*100 -> 80

Sheet Total
C2: FCP(Fundamentals of Computer Programming) I -CSE2 Sem 1
A3: Sr. No. | C3: Faculty : Trupti Gondaliya
D4: Total Lecture | E4: Total Lab | F4: TotaL | G4: %
B5: Reg. No. | C5: Name of student
A6: 1 | B6: UG25CCS001 | C6: ABHISHEK RAJ | D6: =COUNTIF('G1'!D6:Y6, "P") -> 3 | E6: =COUNTIF('G1'!D6:Y6,"P") -> 3 | F6: =SUM(D6:E6) -> 6 | G6: =((100*F6)/24)/100 -> 0.25 | H6: Medical Reason
A7: 2 | B7: UG25CCS002 | C7: AKANKSHA KUMARI | D7: =COUNTIF(Lecture!D7:Z7, "P") -> 17 | E7: =COUNTIF('G1'!D7:Y7,"P") -> 5 | F7: =SUM(D7:E7) -> 22 | G7: =((100*F7)/24)/100 -> 0.91666667
A8: 3 | B8: UG25CCS003 | C8: AKASH AGRAWAL | D8: =COUNTIF(Lecture!D8:Z8, "P") -> 15 | E8: =COUNTIF('G1'!D8:Y8,"P") -> 3 | F8: =SUM(D8:E8) -> 18 | G8: =((100*F8)/24)/100 -> 0.75
A9: 4 | B9: UG25CCS004 | C9: AKULA HEMANTH | D9: =COUNTIF(Lecture!D9:Z9, "P") -> 16 | E9: =COUNTIF('G1'!D9:Y9,"P") -> 3 | F9: =SUM(D9:E9) -> 19 | G9: =((100*F9)/24)/100 -> 0.79166667
A10: 5 | B10: UG25CCS005 | C10: ALETI SRINU | D10: =COUNTIF(Lecture!D10:Z10, "P") -> 17 | E10: =COUNTIF('G1'!D10:Y10,"P") -> 4 | F10: =SUM(D10:E10) -> 21 | G10: =((100*F10)/24)/100 -> 0.875
A11: 6 | B11: UG25CCS006 | C11: ARYAN GUPTA | D11: =COUNTIF(Lecture!D11:Z11, "P") -> 19 | E11: =COUNTIF('G1'!D11:Y11,"P") -> 5 | F11: =SUM(D11:E11) -> 24 | G11: =((100*F11)/24)/100 -> 1
A12: 7 | B12: UG25CCS007 | C12: ARYAN PANCHOLI | D12: =COUNTIF(Lecture!D12:Z12, "P") -> 16 | E12: =COUNTIF('G1'!D12:Y12,"P") -> 5 | F12: =SUM(D12:E12) -> 21 | G12: =((100*F12)/24)/100 -> 0.875
A13: 8 | B13: UG25CCS008 | C13: ATHARVA GANESH POTE | D13: =COUNTIF(Lecture!D13:Z13, "P") -> 17 | E13: =COUNTIF('G1'!D13:Y13,"P") -> 5 | F13: =SUM(D13:E13) -> 22 | G13: =((100*F13)/24)/100 -> 0.91666667
A14: 9 | B14: UG25CCS009 | C14: AVANI SHUKLA | D14: =COUNTIF(Lecture!D14:Z14, "P") -> 15 | E14: =COUNTIF('G1'!D14:Y14,"P") -> 5 | F14: =SUM(D14:E14) -> 20 | G14: =((100*F14)/24)/100 -> 0.83333333
A15: 10 | B15: UG25CCS010 | C15: BAVISKAR KRUSHNA DHANRAJ | D15: =COUNTIF(Lecture!D15:Z15, "P") -> 16 | E15: =COUNTIF('G1'!D15:Y15,"P") -> 3 | F15: =SUM(D15:E15) -> 19 | G15: =((100*F15)/24)/100 -> 0.79166667
A16: 11 | B16: UG25CCS011 | C16: BHAVISHYA KHATNAL | D16: =COUNTIF(Lecture!D16:Z16, "P") -> 16 | E16: =COUNTIF('G1'!D16:Y16,"P") -> 4 | F16: =SUM(D16:E16) -> 20 | G16: =((100*F16)/24)/100 -> 0.83333333
A17: 12 | B17: UG25CCS012 | C17: DEEKSHANSH | D17: =COUNTIF(Lecture!D17:Z17, "P") -> 16 | E17: =COUNTIF('G1'!D17:Y17,"P") -> 4 | F17: =SUM(D17:E17) -> 20 | G17: =((100*F17)/24)/100 -> 0.83333333
A18: 13 | B18: UG25CCS013 | C18: DEEPAK KUMAR YADAV | D18: =COUNTIF(Lecture!D18:Z18, "P") -> 7 | E18: =COUNTIF('G1'!D18:Y18,"P") -> 1 | F18: =SUM(D18:E18) -> 8 | G18: =((100*F18)/24)/100 -> 0.33333333
... A52: 11 | B52: UG25CAI011 | C52: GOHIL HIRENKUMAR VIPULBHAI | D52: =COUNTIF(Lecture!D52:Z52, "P") -> 15 | E52: =COUNTIF('G1'!D52:Y52,"P") -> 4 | F52: =SUM(D52:E52) -> 19 | G52: =((100*F52)/24)/100 -> 0.79166667
A53: 12 | B53: UG25CAI012 | C53: HARSHIT BHADU | D53: =COUNTIF(Lecture!D53:Z53, "P") -> 19 | E53: =COUNTIF('G2'!D6:Y6,"P") -> 4 | F53: =SUM(D53:E53) -> 23 | G53: =((100*F53)/24)/100 -> 0.95833333
A54: 13 | B54: UG25CAI013 | C54: ISHITA BRAWAD | D54: =COUNTIF(Lecture!D54:Z54, "P") -> 19 | E54: =COUNTIF('G2'!D7:Y7,"P") -> 4 | F54: =SUM(D54:E54) -> 23 | G54: =((100*F54)/24)/100 -> 0.95833333
A55: 14 | B55: UG25CAI014 | C55: JITENDRA LILAWAT | D55: =COUNTIF(Lecture!D55:Z55, "P") -> 18 | E55: =COUNTIF('G2'!D8:Y8,"P") -> 5 | F55: =SUM(D55:E55) -> 23 | G55: =((100*F55)/24)/100 -> 0.95833333
A56: 15 | B56: UG25CAI015 | C56: MALLICK MOULEEYA | D56: =COUNTIF(Lecture!D56:Z56, "P") -> 16 | E56: =COUNTIF('G2'!D9:Y9,"P") -> 4 | F56: =SUM(D56:E56) -> 20 | G56: =((100*F56)/24)/100 -> 0.83333333
A57: 16 | B57: UG25CAI016 | C57: MANUKONDA WINNIE ADONIA | D57: =COUNTIF(Lecture!D57:Z57, "P") -> 16 | E57: =COUNTIF('G2'!D10:Y10,"P") -> 5 | F57: =SUM(D57:E57) -> 21 | G57: =((100*F57)/24)/100 -> 0.875
A58: 17 | B58: UG25CAI017 | C58: MANVI | D58: =COUNTIF(Lecture!D58:Z58, "P") -> 15 | E58: =COUNTIF('G2'!D11:Y11,"P") -> 4 | F58: =SUM(D58:E58) -> 19 | G58: =((100*F58)/24)/100 -> 0.79166667
A59: 18 | B59: UG25CAI018 | C59: MEESALA PAVAN GOVINDRAO | D59: =COUNTIF(Lecture!D59:Z59, "P") -> 19 | E59: =COUNTIF('G2'!D12:Y12,"P") -> 4 | F59: =SUM(D59:E59) -> 23 | G59: =((100*F59)/24)/100 -> 0.95833333
A60: 19 | B60: UG25CAI019 | C60: MUDIT | D60: =COUNTIF(Lecture!D60:Z60, "P") -> 17 | E60: =COUNTIF('G2'!D13:Y13,"P") -> 4 | F60: =SUM(D60:E60) -> 21 | G60: =((100*F60)/24)/100 -> 0.875
A61: 20 | B61: UG25CAI020 | C61: N SHRAVAN KUMAR | D61: =COUNTIF(Lecture!D61:Z61, "P") -> 15 | E61: =COUNTIF('G2'!D14:Y14,"P") -> 5 | F61: =SUM(D61:E61) -> 20 | G61: =((100*F61)/24)/100 -> 0.83333333
A62: 21 | B62: UG25CAI021 | C62: NETA SNEH DHANSUKHBHAI | D62: =COUNTIF(Lecture!D62:Z62, "P") -> 19 | E62: =COUNTIF('G2'!D15:Y15,"P") -> 4 | F62: =SUM(D62:E62) -> 23 | G62: =((100*F62)/24)/100 -> 0.95833333
A63: 22 | B63: UG25CAI022 | C63: OM LAKSHMAN SHIDLANNAVAR | D63: =COUNTIF(Lecture!D63:Z63, "P") -> 18 | E63: =COUNTIF('G2'!D16:Y16,"P") -> 5 | F63: =SUM(D63:E63) -> 23 | G63: =((100*F63)/24)/100 -> 0.95833333
A64: 23 | B64: UG25CAI023 | C64: PARTH RAJ | D64: =COUNTIF(Lecture!D64:Z64, "P") -> 18 | E64: =COUNTIF('G2'!D17:Y17,"P") -> 4 | F64: =SUM(D64:E64) -> 22 | G64: =((100*F64)/24)/100 -> 0.91666667
... A99: 117 | B99: UG25CSE117 | C99: ZALA PRINCE RAJESHBHAI | D99: =COUNTIF(Lecture!D99:Z99, "P") -> 19 | E99: =COUNTIF('G2'!D52:Y52,"P") -> 4 | F99: =SUM(D99:E99) -> 23 | G99: =((100*F99)/24)/100 -> 0.95833333
