Workbook

Sheet PPS_class
A1: Indian Institute of Information Technology (IIIT), Surat
A2: Computer Science and Engineering Department
A3: B.Tech - II Semester - III
A4: Subject Name: PPS
A5: Subject Coordinator:
A6: Faculty Name: Trupti Gondaliya
A7: Academic Year: July 2025 - December 2025
D9: July | E9: Aug | R9: Sep | AD9: Oct | AQ9: Nov | AX9: Total P | AY9: Total A | AZ9: Total | BA9: Present
A11: Sr. No | B11: Enrollment No. | C11: Name | D11: 31 | E11: 1 | F11: 4 | G11: 7 | H11: 8 | I11: 11 | J11: 14 | K11: 15 | L11: 18 | M11: 21 | N11: 22 | O11: 25 | P11: 28 | Q11: 29 | R11: 1 | S11: 4 | T11: 5 | U11: 8 | V11: 11 | W11: 12 | X11: 15 | Y11: 18 | Z11: 19 | AA11: 22 | AB11: 26 | AC11: 29 | AD11: 2 | AE11: 3 | AF11: 6 | AG11: 10 | AH11: 13 | AI11: 16 | AJ11: 17 | AK11: 20 | AL11: 23 | AM11: 24 | AN11: 27 | AO11: 30 | AP11: 31 | AQ11: 7 | AR11: 13 | AS11: 14 | AT11: 17 | AU11: 21 | AV11: 21
A12: 1 | B12: UI24CS01 | C12: AADITYA SINGH | D12: P | E12: P | F12: P | G12: P | H12: P | I12: A | J12: P | K12: P | L12: P | M12: A | N12: P | O12: P | P12: P | Q12: P | R12: P | S12: P | T12: A | U12: P | V12: P | W12: P | X12: P | Y12: P | Z12: A | AA12: P | AB12: P | AC12: P | AD12: P | AE12: P | AF12: P | AG12: P | AH12: P | AI12: P | AJ12: P | AK12: P | AL12: P | AM12: P | AN12: P | AO12: P | AP12: A | AQ12: P | AR12: P | AS12: P | AT12: P | AU12: P | AV12: A | AX12: =COUNTIF(D12:AW12, "*P*") -> 39 | AY12: =COUNTIF(D12:AW12, "*A*") -> 6 | AZ12: =SUM(AX12,AY12) -> 45 | BA12: =(AX12/AZ12)*100 -> 86.666667
A13: 2 | B13: UI24CS02 | C13: AAKASHSINGH RAMPRAKASH PAWAR | D13: P | E13: P | F13: P | G13: P | H13: P | I13: P | J13: P | K13: P | L13: P | M13: P | N13: A | O13: P | P13: P | Q13: P | R13: P | S13: P | T13: P | U13: P | V13: P | W13: P | X13: P | Y13: P | Z13: A | AA13: P | AB13: P | AC13: P | AD13: P | AE13: P | AF13: P | AG13: P | AH13: P | AI13: P | AJ13: P | AK13: P | AL13: P | AM13: P | AN13: P | AO13: P | AP13: P | AQ13: A | AR13: P | AS13: A | AT13: P | AU13: P | AV13: A | AX13: =COUNTIF(D13:AW13, "*P*") -> 40 | AY13: =COUNTIF(D13:AW13, "*A*") -> 5 | AZ13: =SUM(AX13,AY13) -> 45 | BA13: =(AX13/AZ13)*100 -> 88.888889
A14: 3 | B14: UI24CS03 | C14: AASHI RAJPUT | D14: P | E14: P | F14: P | G14: P | H14: P | I14: P | J14: P | K14: P | L14: P | M14: P | N14: P | O14: P | P14: P | Q14: A | R14: P | S14: P | T14: P | U14: P | V14: P | W14: P | X14: P | Y14: P | Z14: P | AA14: P | AB14: P | AC14: P | AD14: P | AE14: P | AF14: P | AG14: P | AH14: P | AI14: P | AJ14: P | AK14: P | AL14: P | AM14: P | AN14: P | AO14: P | AP14: P | AQ14: P | AR14: P | AS14: P | AT14: A | AU14: P | AV14: A | AX14: =COUNTIF(D14:AW14, "*P*") -> 42 | AY14: =COUNTIF(D14:AW14, "*A*") -> 3 | AZ14: =SUM(AX14,AY14) -> 45 | BA14: =(AX14/AZ14)*100 -> 93.333333
A15: 4 | B15: UI24CS04 | C15: ABHISHEK KUMAR | D15: P | E15: P | F15: P | G15: P | H15: P | I15: P | J15: P | K15: P | L15: P | M15: P | N15: P | O15: P | P15: P | Q15: P | R15: P | S15: P | T15: P | U15: P | V15: P | W15: P | X15: P | Y15: P | Z15: P | AA15: A | AB15: P | AC15: P | AD15: P | AE15: P | AF15: P | AG15: A | AH15: P | AI15: P | AJ15: P | AK15: P | AL15: P | AM15: P | AN15: P | AO15: P | AP15: P | AQ15: P | AR15: P | AS15: A | AT15: A | AU15: P | AV15: A | AX15: =COUNTIF(D15:AW15, "*P*") -> 40 | AY15: =COUNTIF(D15:AW15, "*A*") -> 5 | AZ15: =SUM(AX15,AY15) -> 45 | BA15: =(AX15/AZ15)*100 -> 88.888889
A16: 5 | B16: UI24CS05 | C16: AESHA ASHOK SHARMA | D16: P | E16: A | F16: P | G16: A | H16: P | I16: P | J16: P | K16: P | L16: P | M16: P | N16: P | O16: P | P16: P | Q16: P | R16: P | S16: P | T16: A | U16: P | V16: P | W16: P | X16: P | Y16: P | Z16: P | AA16: P | AB16: P | AC16: P | AD16: P | AE16: P | AF16: P | AG16: P | AH16: P | AI16: P | AJ16: A | AK16: P | AL16: P | AM16: P | AN16: P | AO16: P | AP16: P | AQ16: P | AR16: P | AS16: P | AT16: A | AU16: P | AV16: A | AX16: =COUNTIF(D16:AW16, "*P*") -> 39 | AY16: =COUNTIF(D16:AW16, "*A*") -> 6 | AZ16: =SUM(AX16,AY16) -> 45 | BA16: =(AX16/AZ16)*100 -> 86.666667
A17: 6 | B17: UI24CS06 | C17: AKSHITA SHUKLA | D17: P | E17: P | F17: P | G17: P | H17: P | I17: A | J17: P | K17: P | L17: P | M17: P | N17: P | O17: P | P17: P | Q17: P | R17: P | S17: P | T17: P | U17: P | V17: P | W17: P | X17: P | Y17: P | Z17: P | AA17: P | AB17: P | AC17: P | AD17: P | AE17: P | AF17: P | AG17: P | AH17: P | AI17: P | AJ17: P | AK17: P | AL17: P | AM17: P | AN17: P | AO17: P | AP17: P | AQ17: P | AR17: A | AS17: P | AT17: P | AU17: P | AV17: A | AX17: =COUNTIF(D17:AW17, "*P*") -> 42 | AY17: =COUNTIF(D17:AW17, "*A*") -> 3 | AZ17: =SUM(AX17,AY17) -> 45 | BA17: =(AX17/AZ17)*100 -> 93.333333
A18: 7 | B18: UI24CS07 | C18: AMBALIYA TEJAS ANILBHAI | D18: P | E18: P | F18: P | G18: A | H18: P | I18: P | J18: P | K18: P | L18: P | M18: P | N18: P | O18: P | P18: P | Q18: P | R18: P | S18: P | T18: P | U18: P | V18: P | W18: A | X18: P | Y18: P | Z18: P | AA18: P | AB18: P | AC18: P | AD18: P | AE18: P | AF18: P | AG18: P | AH18: P | AI18: P | AJ18: P | AK18: P | AL18: P | AM18: P | AN18: P | AO18: P | AP18: P | AQ18: P | AR18: P | AS18: P | AT18: A | AU18: P | AV18: A | AX18: =COUNTIF(D18:AW18, "*P*") -> 41 | AY18: =COUNTIF(D18:AW18, "*A*") -> 4 | AZ18: =SUM(AX18,AY18) -> 45 | BA18: =(AX18/AZ18)*100 -> 91.111111
A19: 8 | B19: UI24CS08 | C19: AMLAN MISHRA | D19: P | E19: P | F19: P | G19: P | H19: P | I19: P | J19: P | K19: P | L19: P | M19: P | N19: P | O19: P | P19: P | Q19: P | R19: P | S19: P | T19: P | U19: P | V19: P | W19: P | X19: P | Y19: P | Z19: P | AA19: P | AB19: P | AC19: P | AD19: P | AE19: A | AF19: P | AG19: P | AH19: P | AI19: P | AJ19: P | AK19: P | AL19: P | AM19: P | AN19: P | AO19: P | AP19: P | AQ19: P | AR19: P | AS19: P | AT19: A | AU19: P | AV19: A | AX19: =COUNTIF(D19:AW19, "*P*") -> 42 | AY19: =COUNTIF(D19:AW19, "*A*") -> 3 | AZ19: =SUM(AX19,AY19) -> 45 | BA19: =(AX19/AZ19)*100 -> 93.333333
A20: 9 | B20: UI24CS09 | C20: AMRESH KUMAR | D20: P | E20: P | F20: P | G20: P | H20: P | I20: A | J20: A | K20: P | L20: P | M20: P | N20: P | O20: P | P20: P | Q20: A | R20: P | S20: P | T20: P | U20: P | V20: P | W20: P | X20: P | Y20: P | Z20: P | AA20: P | AB20: P | AC20: P | AD20: P | AE20: P | AF20: P | AG20: P | AH20: P | AI20: P | AJ20: P | AK20: P | AL20: P | AM20: P | AN20: P | AO20: P | AP20: P | AQ20: P | AR20: P | AS20: P | AT20: P | AU20: P | AV20: A | AX20: =COUNTIF(D20:AW20, "*P*") -> 41 | AY20: =COUNTIF(D20:AW20, "*A*") -> 4 | AZ20: =SUM(AX20,AY20) -> 45 | BA20: =(AX20/AZ20)*100 -> 91.111111
A21: 10 | B21: UI24CS10 | C21: ANUJ PATEL | D21: P | E21: P | F21: P | G21: P | H21: P | I21: P | J21: P | K21: P | L21: P | M21: P | N21: P | O21: P | P21: P | Q21: P | R21: P | S21: P | T21: P | U21: P | V21: P | W21: P | X21: P | Y21: P | Z21: P | AA21: P | AB21: P | AC21: P | AD21: P | AE21: P | AF21: P | AG21: P | AH21: P | AI21: A | AJ21: P | AK21: P | AL21: P | AM21: P | AN21: P | AO21: P | AP21: P | AQ21: P | AR21: P | AS21: A | AT21: P | AU21: P | AV21: A | AX21: =COUNTIF(D21:AW21, "*P*") -> 42 | AY21: =COUNTIF(D21:AW21, "*A*") -> 3 | AZ21: =SUM(AX21,AY21) -> 45 | BA21: =(AX21/AZ21)*100 -> 93.333333
A22: 11 | B22: UI24CS11 | C22: ARUN KUMAR | D22: P | E22: P | F22: P | G22: P | H22: P | I22: P | J22: P | K22: P | L22: P | M22: P | N22: A | O22: P | P22: P | Q22: P | R22: P | S22: P | T22: P | U22: P | V22: P | W22: A | X22: P | Y22: P | Z22: P | AA22: P | AB22: A | AC22: P | AD22: P | AE22: P | AF22: P | AG22: P | AH22: P | AI22: P | AJ22: P | AK22: P | AL22: P | AM22: P | AN22: P | AO22: P | AP22: P | AQ22: P | AR22: P | AS22: P | AT22: P | AU22: P | AV22: A | AX22: =COUNTIF(D22:AW22, "*P*") -> 41 | AY22: =COUNTIF(D22:AW22, "*A*") -> 4 | AZ22: =SUM(AX22,AY22) -> 45 | BA22: =(AX22/AZ22)*100 -> 91.111111
A23: 12 | B23: UI24CS12 | C23: BHAVESH KHANDELWAL | D23: P | E23: P | F23: P | G23: P | H23: P | I23: A | J23: P | K23: P | L23: P | M23: P | N23: P | O23: P | P23: P | Q23: P | R23: P | S23: P | T23: P | U23: P | V23: P | W23: P | X23: P | Y23: P | Z23: P | AA23: P | AB23: P | AC23: P | AD23: P | AE23: P | AF23: P | AG23: P | AH23: P | AI23: P | AJ23: P | AK23: P | AL23: P | AM23: P | AN23: P | AO23: P | AP23: P | AQ23: P | AR23: P | AS23: A | AT23: P | AU23: P | AV23: P | AX23: =COUNTIF(D23:AW23, "*P*") -> 43 | AY23: =COUNTIF(D23:AW23, "*A*") -> 2 | AZ23: =SUM(AX23,AY23) -> 45 | BA23: =(AX23/AZ23)*100 -> 95.555556
... A90: 79 | B90: UI24CS86 | C90: YUVRAJ DHINGRA | D90: P | E90: P | F90: P | G90: P | H90: P | I90: P | J90: P | K90: P | L90: P | M90: P | N90: P | O90: P | P90: P | Q90: P | R90: P | S90: P | T90: P | U90: P | V90: P | W90: P | X90: P | Y90: P | Z90: P | AA90: P | AB90: P | AC90: P | AD90: P | AE90: P | AF90: P | AG90: P | AH90: P | AI90: P | AJ90: P | AK90: P | AL90: P | AM90: P | AN90: P | AO90: P | AP90: P | AQ90: P | AR90: P | AS90: A | AT90: A | AU90: P | AV90: A | AX90: =COUNTIF(D90:AW90, "*P*") -> 42 | AY90: =COUNTIF(D90:AW90, "*A*") -> 3 | AZ90: =SUM(AX90,AY90) -> 45 | BA90: =(AX90/AZ90)*100 -> 93.333333
AP91: =COUNTIF(AP12:AP88,"P") -> 59 | AQ91: =COUNTIF(AQ12:AQ88,"P") -> 64 | AR91: =COUNTIF(AR12:AR88,"P") -> 73 | AS91: =COUNTIF(AS12:AS88,"P") -> 57 | AT91: =COUNTIF(AT12:AT88,"P") -> 48 | AU91: =COUNTIF(AU12:AU88,"P") -> 77 | AV91: =COUNTIF(AV49:AV88,"P") -> 16 | AW91: =COUNTIF(AW49:AW88,"P") -> 0

Sheet Lab_B1
A1: Indian Institute of Information Technology (IIIT), Surat
A2: Computer Science and Engineering Department
A3: B.Tech - II Semester - III
A4: Subject Name: PPS
A5: Subject Coordinator: Trupti Gondaliya
A6: Faculty Name: Trupti Gondaliya
A7: Academic Year: July 2025 - December 2025
AB9: Total P | AC9: Total A | AD9: Total | AE9: Present
D10: Aug | H10: Sep | L10: Oct | Q10: Nov
A11: Sr. No | B11: Enrollment No. | C11: Name | D11: 6 | E11: 13 | F11: 20 | G11: 27 | H11: 3 | I11: 10 | J11: 17 | K11: 24 | L11: 1 | M11: 8 | N11: 15 | O11: 22 | P11: 29 | Q11: 12 | R11: 19
A12: 1 | B12: UI24CS01 | C12: AADITYA SINGH | D12: P | E12: P | F12: P | G12: P | H12: P | I12: P | J12: P | K12: P | L12: P | M12: P | N12: P | O12: P | P12: P | Q12: P | R12: A | AB12: =COUNTIF(D12:AA12, "*P*") -> 14 | AC12: =COUNTIF(D12:AA12, "*A*") -> 1 | AD12: =SUM(AB12,AC12) -> 15 | AE12: =(AB12/AD12)*100 -> 93.333333
A13: 2 | B13: UI24CS02 | C13: AAKASHSINGH RAMPRAKASH PAWAR | D13: P | E13: P | F13: P | G13: A | H13: P | I13: P | J13: P | K13: P | L13: P | M13: P | N13: P | O13: A | P13: P | Q13: P | R13: P | AB13: =COUNTIF(D13:AA13, "*P*") -> 13 | AC13: =COUNTIF(D13:AA13, "*A*") -> 2 | AD13: =SUM(AB13,AC13) -> 15 | AE13: =(AB13/AD13)*100 -> 86.666667
A14: 3 | B14: UI24CS03 | C14: AASHI RAJPUT | D14: P | E14: P | F14: P | G14: P | H14: P | I14: P | J14: P | K14: P | L14: A | M14: P | N14: P | O14: P | P14: P | Q14: P | R14: P | AB14: =COUNTIF(D14:AA14, "*P*") -> 14 | AC14: =COUNTIF(D14:AA14, "*A*") -> 1 | AD14: =SUM(AB14,AC14) -> 15 | AE14: =(AB14/AD14)*100 -> 93.333333
A15: 4 | B15: UI24CS04 | C15: ABHISHEK KUMAR | D15: P | E15: P | F15: P | G15: A | H15: P | I15: P | J15: P | K15: P | L15: P | M15: P | N15: P | O15: P | P15: P | Q15: P | R15: A | AB15: =COUNTIF(D15:AA15, "*P*") -> 13 | AC15: =COUNTIF(D15:AA15, "*A*") -> 2 | AD15: =SUM(AB15,AC15) -> 15 | AE15: =(AB15/AD15)*100 -> 86.666667
A16: 5 | B16: UI24CS05 | C16: AESHA ASHOK SHARMA | D16: P | E16: P | F16: P | G16: P | H16: P | I16: P | J16: P | K16: A | L16: P | M16: P | N16: P | O16: A | P16: P | Q16: P | R16: A | AB16: =COUNTIF(D16:AA16, "*P*") -> 12 | AC16: =COUNTIF(D16:AA16, "*A*") -> 3 | AD16: =SUM(AB16,AC16) -> 15 | AE16: =(AB16/AD16)*100 -> 80
A17: 6 | B17: UI24CS06 | C17: AKSHITA SHUKLA | D17: P | E17: P | F17: P | G17: P | H17: P | I17: P | J17: P | K17: A | L17: P | M17: P | N17: P | O17: P | P17: P | Q17: P | R17: P | AB17: =COUNTIF(D17:AA17, "*P*") -> 14 | AC17: =COUNTIF(D17:AA17, "*A*") -> 1 | AD17: =SUM(AB17,AC17) -> 15 | AE17: =(AB17/AD17)*100 -> 93.333333
A18: 7 | B18: UI24CS07 | C18: AMBALIYA TEJAS ANILBHAI | D18: P | E18: P | F18: P | G18: P | H18: P | I18: A | J18: P | K18: P | L18: P | M18: P | N18: P | O18: P | P18: P | Q18: P | R18: P | AB18: =COUNTIF(D18:AA18, "*P*") -> 14 | AC18: =COUNTIF(D18:AA18, "*A*") -> 1 | AD18: =SUM(AB18,AC18) -> 15 | AE18: =(AB18/AD18)*100 -> 93.333333
A19: 8 | B19: UI24CS08 | C19: AMLAN MISHRA | D19: P | E19: P | F19: P | G19: P | H19: P | I19: P | J19: P | K19: P | L19: P | M19: P | N19: P | O19: A | P19: P | Q19: P | R19: P | AB19: =COUNTIF(D19:AA19, "*P*") -> 14 | AC19: =COUNTIF(D19:AA19, "*A*") -> 1 | AD19: =SUM(AB19,AC19) -> 15 | AE19: =(AB19/AD19)*100 -> 93.333333
A20: 9 | B20: UI24CS09 | C20: AMRESH KUMAR | D20: P | E20: P | F20: P | G20: A | H20: P | I20: P | J20: P | K20: P | L20: P | M20: P | N20: P | O20: P | P20: P | Q20: P | R20: P | AB20: =COUNTIF(D20:AA20, "*P*") -> 14 | AC20: =COUNTIF(D20:AA20, "*A*") -> 1 | AD20: =SUM(AB20,AC20) -> 15 | AE20: =(AB20/AD20)*100 -> 93.333333
A21: 10 | B21: UI24CS10 | C21: ANUJ PATEL | D21: P | E21: P | F21: P | G21: P | H21: P | I21: P | J21: P | K21: A | L21: P | M21: P | N21: P | O21: P | P21: P | Q21: P | R21: P | AB21: =COUNTIF(D21:AA21, "*P*") -> 14 | AC21: =COUNTIF(D21:AA21, "*A*") -> 1 | AD21: =SUM(AB21,AC21) -> 15 | AE21: =(AB21/AD21)*100 -> 93.333333
A22: 11 | B22: UI24CS11 | C22: ARUN KUMAR | D22: P | E22: P | F22: P | G22: P | H22: P | I22: P | J22: P | K22: P | L22: P | M22: P | N22: A | O22: P | P22: P | Q22: P | R22: A | AB22: =COUNTIF(D22:AA22, "*P*") -> 13 | AC22: =COUNTIF(D22:AA22, "*A*") -> 2 | AD22: =SUM(AB22,AC22) -> 15 | AE22: =(AB22/AD22)*100 -> 86.666667
A23: 12 | B23: UI24CS12 | C23: BHAVESH KHANDELWAL | D23: P | E23: P | F23: P | G23: A | H23: P | I23: P | J23: P | K23: P | L23: P | M23: P | N23: P | O23: P | P23: P | Q23: P | R23: P | AB23: =COUNTIF(D23:AA23, "*P*") -> 14 | AC23: =COUNTIF(D23:AA23, "*A*") -> 1 | AD23: =SUM(AB23,AC23) -> 15 | AE23: =(AB23/AD23)*100 -> 93.333333
... A51: 40 | B51: UI24CS42 | C51: KORRA VAMSHI KUMAR | D51: P | E51: P | F51: P | G51: P | H51: P | I51: A | J51: P | K51: P | L51: P | M51: P | N51: P | O51: P | P51: P | Q51: P | R51: P | AB51: =COUNTIF(D51:AA51, "*P*") -> 14 | AC51: =COUNTIF(D51:AA51, "*A*") -> 1 | AD51: =SUM(AB51,AC51) -> 15 | AE51: =(AB51/AD51)*100 -> 93.333333
N52: =COUNTIF(N49:N51,"P") -> 3 | O52: =COUNTIF(O49:O51,"P") -> 2 | P52: =COUNTIF(P49:P51,"P") -> 3 | Q52: =COUNTIF(Q49:Q51,"P") -> 3 | R52: =COUNTIF(R49:R51,"P") -> 3 | S52: =COUNTIF(S49:S51,"P") -> 0 | T52: =COUNTIF(T49:T51,"P") -> 0 | U52: =COUNTIF(U49:U51,"P") -> 0 | ... AA52: =COUNTIF(AA49:AA51,"P") -> 0

Sheet Lab_B2
A1: Indian Institute of Information Technology (IIIT), Surat
A2: Computer Science and Engineering Department
A3: B.Tech - II Semester - III
A4: Subject Name: PPS
A5: Subject Coordinator: Trupti Gondaliya
A6: Faculty Name: Trupti Gondaliya
A7: Academic Year: July 2025 - December 2025
U9: Total P | V9: Total A | W9: Total | X9: Present
D10: Aug | H10: Sep | M10: Oct | Q10: Nov
A11: Sr. No | B11: Roll Number | C11: Name | D11: 5 | E11: 12 | F11: 19 | G11: 26 | H11: 2 | I11: 9 | J11: 16 | K11: 23 | L11: 30 | M11: 7 | N11: 14 | O11: 21 | P11: 28 | Q11: 11 | R11: 18
A12: 1 | B12: UI24CS44 | C12: LAKHTARIYA RUDRA ASHISH | D12: P | E12: P | F12: P | G12: P | H12: P | I12: P | J12: P | K12: P | L12: P | M12: P | N12: P | O12: P | P12: P | Q12: A | R12: P | U12: =COUNTIF(C12:T12, "*P*") -> 14 | V12: =COUNTIF(C12:T12, "*A*") -> 2 | W12: =SUM(U12,V12) -> 16 | X12: =(U12/W12)*100 -> 87.5
A13: 2 | B13: UI24CS45 | C13: MAINAM SAHASRA | D13: P | E13: P | F13: P | G13: P | H13: P | I13: P | J13: P | K13: P | L13: A | M13: P | N13: P | O13: P | P13: P | Q13: P | R13: P | U13: =COUNTIF(C13:T13, "*P*") -> 14 | V13: =COUNTIF(C13:T13, "*A*") -> 2 | W13: =SUM(U13,V13) -> 16 | X13: =(U13/W13)*100 -> 87.5
A14: 3 | B14: UI24CS46 | C14: MALLIPUDI VENKAT SUBASH | D14: P | E14: P | F14: P | G14: A | H14: P | I14: P | J14: P | K14: P | L14: P | M14: P | N14: P | O14: P | P14: P | Q14: P | R14: P | U14: =COUNTIF(C14:T14, "*P*") -> 15 | V14: =COUNTIF(C14:T14, "*A*") -> 2 | W14: =SUM(U14,V14) -> 17 | X14: =(U14/W14)*100 -> 88.235294
A15: 4 | B15: UI24CS47 | C15: MANAS KAPIL SHARMA | D15: P | E15: P | F15: P | G15: P | H15: P | I15: P | J15: A | K15: P | L15: P | M15: P | N15: P | O15: P | P15: P | Q15: A | R15: P | U15: =COUNTIF(C15:T15, "*P*") -> 14 | V15: =COUNTIF(C15:T15, "*A*") -> 3 | W15: =SUM(U15,V15) -> 17 | X15: =(U15/W15)*100 -> 82.352941
A16: 5 | B16: UI24CS48 | C16: MARATHE VAIBHAV ASHOK | D16: P | E16: P | F16: P | G16: P | H16: P | I16: P | J16: P | K16: P | L16: P | M16: P | N16: P | O16: P | P16: P | Q16: P | R16: P | U16: =COUNTIF(C16:T16, "*P*") -> 15 | V16: =COUNTIF(C16:T16, "*A*") -> 1 | W16: =SUM(U16,V16) -> 16 | X16: =(U16/W16)*100 -> 93.75
A17: 6 | B17: UI24CS50 | C17: MUPPALA VENKATA PRAJYESH | D17: P | E17: A | F17: P | G17: P | H17: P | I17: P | J17: P | K17: P | L17: P | M17: P | N17: P | O17: P | P17: P | Q17: A | R17: P | U17: =COUNTIF(C17:T17, "*P*") -> 14 | V17: =COUNTIF(C17:T17, "*A*") -> 3 | W17: =SUM(U17,V17) -> 17 | X17: =(U17/W17)*100 -> 82.352941
A18: 7 | B18: UI24CS51 | C18: NIKHIL PANDEY | D18: P | E18: P | F18: P | G18: P | H18: P | I18: P | J18: P | K18: P | L18: P | M18: P | N18: P | O18: P | P18: P | Q18: P | R18: P | U18: =COUNTIF(C18:T18, "*P*") -> 16 | V18: =COUNTIF(C18:T18, "*A*") -> 1 | W18: =SUM(U18,V18) -> 17 | X18: =(U18/W18)*100 -> 94.117647
A19: 8 | B19: UI24CS52 | C19: NITYAM DAVE | D19: P | E19: P | F19: P | G19: A | H19: P | I19: P | J19: P | K19: P | L19: A | M19: P | N19: P | O19: P | P19: P | Q19: P | R19: P | U19: =COUNTIF(C19:T19, "*P*") -> 13 | V19: =COUNTIF(C19:T19, "*A*") -> 3 | W19: =SUM(U19,V19) -> 16 | X19: =(U19/W19)*100 -> 81.25
A20: 9 | B20: UI24CS53 | C20: PANDAV RAJ RAMESHBHAI | D20: P | E20: P | F20: P | G20: P | H20: P | I20: P | J20: P | K20: P | L20: P | M20: P | N20: A | O20: P | P20: P | Q20: P | R20: P | U20: =COUNTIF(C20:T20, "*P*") -> 15 | V20: =COUNTIF(C20:T20, "*A*") -> 2 | W20: =SUM(U20,V20) -> 17 | X20: =(U20/W20)*100 -> 88.235294
A21: 10 | B21: UI24CS54 | C21: PANDYA RUSHABH BRIJESHBHAI | D21: P | E21: P | F21: P | G21: P | H21: P | I21: P | J21: P | K21: A | L21: P | M21: P | N21: P | O21: P | P21: P | Q21: P | R21: P | U21: =COUNTIF(C21:T21, "*P*") -> 15 | V21: =COUNTIF(C21:T21, "*A*") -> 2 | W21: =SUM(U21,V21) -> 17 | X21: =(U21/W21)*100 -> 88.235294
A22: 11 | B22: UI24CS55 | C22: PARMAR NIYOSHI PRAKASHBHAI | D22: P | E22: P | F22: P | G22: P | H22: P | I22: P | J22: P | K22: P | L22: P | M22: P | N22: P | O22: P | P22: P | Q22: P | R22: P | U22: =COUNTIF(C22:T22, "*P*") -> 16 | V22: =COUNTIF(C22:T22, "*A*") -> 1 | W22: =SUM(U22,V22) -> 17 | X22: =(U22/W22)*100 -> 94.117647
A23: 12 | B23: UI24CS56 | C23: PARTH ACHARYA | D23: P | E23: P | F23: P | G23: P | H23: P | I23: P | J23: A | K23: P | L23: P | M23: P | N23: P | O23: P | P23: P | Q23: P | R23: P | U23: =COUNTIF(C23:T23, "*P*") -> 15 | V23: =COUNTIF(C23:T23, "*A*") -> 2 | W23: =SUM(U23,V23) -> 17 | X23: =(U23/W23)*100 -> 88.235294
... A50: 39 | B50: UI24CS86 | C50: YUVRAJ DHINGRA | D50: P | E50: P | F50: P | G50: P | H50: P | I50: P | J50: P | K50: P | L50: P | M50: P | N50: P | O50: P | P50: P | Q50: P | R50: P | U50: =COUNTIF(C50:T50, "*P*") -> 15 | V50: =COUNTIF(C50:T50, "*A*") -> 1 | W50: =SUM(U50,V50) -> 16 | X50: =(U50/W50)*100 -> 93.75
D52: =COUNTIF(D12:D50,"P") -> 39 | E52: =COUNTIF(E12:E50,"P") -> 37 | F52: =COUNTIF(F12:F50,"P") -> 38 | G52: =COUNTIF(G12:G50,"P") -> 36 | H52: =COUNTIF(H12:H50,"P") -> 37 | K52: =COUNTIF(K12:K50,"P") -> 38 | L52: =COUNTIF(L12:L50,"P") -> 35 | N52: =COUNTIF(N12:N50,"P") -> 36 | P52: =COUNTIF(P12:P50,"P") -> 39 | Q52: =COUNTIF(Q12:Q50,"P") -> 30 | R52: =COUNTIF(R12:R50,"P") -> 38 | S52: =COUNTIF(S12:S50,"P") -> 0 | T52: =COUNTIF(T12:T50,"P") -> 0

Sheet Total
A1: Indian Institute of Information Technology (IIIT), Surat
A2: Computer Science and Engineering Department
A3: B.Tech - II Semester - III
A4: Subject Name: PPS
A5: Subject Coordinator: Trupti Gondaliya
A6: Faculty Name: Trupti Gondaliya
A7: Academic Year: July 2025 - December 2025
D10: Total Present % Lecture | E10: Total Present % Lab | F10: Present Percentage (%)
A13: Sr. No | B13: Enrollment No. | C13: Name
A14: 1 | B14: UI24CS01 | C14: AADITYA SINGH | D14: =PPS_class!BA12 -> 86.666667 | E14: =Lab_B1!AE12 -> 93.333333 | F14: =AVERAGE(D14:E14)/100 -> 0.9
A15: 2 | B15: UI24CS02 | C15: AAKASHSINGH RAMPRAKASH PAWAR | D15: =PPS_class!BA13 -> 88.888889 | E15: =Lab_B1!AE13 -> 86.666667 | F15: =AVERAGE(D15:E15)/100 -> 0.87777778
A16: 3 | B16: UI24CS03 | C16: AASHI RAJPUT | D16: =PPS_class!BA14 -> 93.333333 | E16: =Lab_B1!AE14 -> 93.333333 | F16: =AVERAGE(D16:E16)/100 -> 0.93333333
A17: 4 | B17: UI24CS04 | C17: ABHISHEK KUMAR | D17: =PPS_class!BA15 -> 88.888889 | E17: =Lab_B1!AE15 -> 86.666667 | F17: =AVERAGE(D17:E17)/100 -> 0.87777778
A18: 5 | B18: UI24CS05 | C18: AESHA ASHOK SHARMA | D18: =PPS_class!BA16 -> 86.666667 | E18: =Lab_B1!AE16 -> 80 | F18: =AVERAGE(D18:E18)/100 -> 0.83333333
A19: 6 | B19: UI24CS06 | C19: AKSHITA SHUKLA | D19: =PPS_class!BA17 -> 93.333333 | E19: =Lab_B1!AE17 -> 93.333333 | F19: =AVERAGE(D19:E19)/100 -> 0.93333333
A20: 7 | B20: UI24CS07 | C20: AMBALIYA TEJAS ANILBHAI | D20: =PPS_class!BA18 -> 91.111111 | E20: =Lab_B1!AE18 -> 93.333333 | F20: =AVERAGE(D20:E20)/100 -> 0.92222222
A21: 8 | B21: UI24CS08 | C21: AMLAN MISHRA | D21: =PPS_class!BA19 -> 93.333333 | E21: =Lab_B1!AE19 -> 93.333333 | F21: =AVERAGE(D21:E21)/100 -> 0.93333333
A22: 9 | B22: UI24CS09 | C22: AMRESH KUMAR | D22: =PPS_class!BA20 -> 91.111111 | E22: =Lab_B1!AE20 -> 93.333333 | F22: =AVERAGE(D22:E22)/100 -> 0.92222222
A23: 10 | B23: UI24CS10 | C23: ANUJ PATEL | D23: =PPS_class!BA21 -> 93.333333 | E23: =Lab_B1!AE21 -> 93.333333 | F23: =AVERAGE(D23:E23)/100 -> 0.93333333
A24: 11 | B24: UI24CS11 | C24: ARUN KUMAR | D24: =PPS_class!BA22 -> 91.111111 | E24: =Lab_B1!AE22 -> 86.666667 | F24: =AVERAGE(D24:E24)/100 -> 0.88888889
A25: 12 | B25: UI24CS12 | C25: BHAVESH KHANDELWAL | D25: =PPS_class!BA23 -> 95.555556 | E25: =Lab_B1!AE23 -> 93.333333 | F25: =AVERAGE(D25:E25)/100 -> 0.94444444
... A53: 40 | B53: UI24CS42 | C53: KORRA VAMSHI KUMAR | D53: =PPS_class!BA51 -> 93.333333 | E53: =Lab_B1!AE51 -> 93.333333 | F53: =AVERAGE(D53:E53)/100 -> 0.93333333
A54: 41 | B54: UI24CS44 | C54: LAKHTARIYA RUDRA ASHISH | D54: =PPS_class!BA52 -> 93.333333 | E54: =Lab_B2!X12 -> 87.5 | F54: =AVERAGE(D54:E54)/100 -> 0.90416667
A55: 42 | B55: UI24CS45 | C55: MAINAM SAHASRA | D55: =PPS_class!BA53 -> 91.111111 | E55: =Lab_B2!X13 -> 87.5 | F55: =AVERAGE(D55:E55)/100 -> 0.89305556
A56: 43 | B56: UI24CS46 | C56: MALLIPUDI VENKAT SUBASH | D56: =PPS_class!BA54 -> 95.555556 | E56: =Lab_B2!X14 -> 88.235294 | F56: =AVERAGE(D56:E56)/100 -> 0.91895425
A57: 44 | B57: UI24CS47 | C57: MANAS KAPIL SHARMA | D57: =PPS_class!BA55 -> 95.555556 | E57: =Lab_B2!X15 -> 82.352941 | F57: =AVERAGE(D57:E57)/100 -> 0.88954248
A58: 45 | B58: UI24CS48 | C58: MARATHE VAIBHAV ASHOK | D58: =PPS_class!BA56 -> 93.333333 | E58: =Lab_B2!X16 -> 93.75 | F58: =AVERAGE(D58:E58)/100 -> 0.93541667
A59: 46 | B59: UI24CS50 | C59: MUPPALA VENKATA PRAJYESH | D59: =PPS_class!BA57 -> 93.333333 | E59: =Lab_B2!X17 -> 82.352941 | F59: =AVERAGE(D59:E59)/100 -> 0.87843137
A60: 47 | B60: UI24CS51 | C60: NIKHIL PANDEY | D60: =PPS_class!BA58 -> 95.555556 | E60: =Lab_B2!X18 -> 94.117647 | F60: =AVERAGE(D60:E60)/100 -> 0.94836601
A61: 48 | B61: UI24CS52 | C61: NITYAM DAVE | D61: =PPS_class!BA59 -> 93.333333 | E61: =Lab_B2!X19 -> 81.25 | F61: =AVERAGE(D61:E61)/100 -> 0.87291667
A62: 49 | B62: UI24CS53 | C62: PANDAV RAJ RAMESHBHAI | D62: =PPS_class!BA60 -> 97.777778 | E62: =Lab_B2!X20 -> 88.235294 | F62: =AVERAGE(D62:E62)/100 -> 0.93006536
A63: 50 | B63: UI24CS54 | C63: PANDYA RUSHABH BRIJESHBHAI | D63: =PPS_class!BA61 -> 97.777778 | E63: =Lab_B2!X21 -> 88.235294 | F63: =AVERAGE(D63:E63)/100 -> 0.93006536
A64: 51 | B64: UI24CS55 | C64: PARMAR NIYOSHI PRAKASHBHAI | D64: =PPS_class!BA62 -> 97.777778 | E64: =Lab_B2!X22 -> 94.117647 | F64: =AVERAGE(D64:E64)/100 -> 0.95947712
A65: 52 | B65: UI24CS56 | C65: PARTH ACHARYA | D65: =PPS_class!BA63 -> 95.555556 | E65: =Lab_B2!X23 -> 88.235294 | F65: =AVERAGE(D65:E65)/100 -> 0.91895425
... A92: 79 | B92: UI24CS86 | C92: YUVRAJ DHINGRA | D92: =PPS_class!BA90 -> 93.333333 | E92: =Lab_B2!X50 -> 93.75 | F92: =AVERAGE(D92:E92)/100 -> 0.93541667
